Workbook

Sheet Raw_Data
A1: City | B1: Population_Millions | C1: Daily_Load_MW | D1: Outages_Hours | E1: Energy_Source | F1: Temperature_C | G1: Solar_Potential | H1: Infrastructure_Score | I1: Investment_Needed_Millions | J1: Crisis_Level | K1: Affected_Population | L1: Economic_Loss_Millions | M1: Solar_Feasibility | N1: Column1 | O1: Solar Category
A2: Mingora | B2: 20.9 | C2: 2300 | D2: 9.1 | E2: Hydel | F2: 34 | G2: 56 | H2: 9 | I2: 25 | J2: High | K2: 7.9 | L2: 95.1 | M2: Medium | N2: =AVERAGEIF(Raw_Data!A:A, Raw_Data!A2, Raw_Data!D:D) -> 7.1264706 | O2: =IF(G2>70, "High Solar", IF(G2<50, "Low Solar", "Medium Solar")) -> Medium Solar
A3: Rawalpindi | B3: 21.3 | C3: 3805 | D3: 5.1 | E3: Thermal | F3: 27 | G3: 49 | H3: 6 | I3: 37.5 | J3: Medium | K3: 4.5 | L3: 54.3 | M3: Low | N3: =AVERAGEIF(Raw_Data!A:A, Raw_Data!A3, Raw_Data!D:D) -> 6.89 | O3: =IF(G3>70, "High Solar", IF(G3<50, "Low Solar", "Medium Solar")) -> Low Solar
A4: Islamabad | B4: 23.3 | C4: 4428 | D4: 5.6 | E4: Solar | F4: 37 | G4: 83 | H4: 7 | I4: 22.5 | J4: Medium | K4: 5.4 | L4: 65.2 | M4: High | N4: =AVERAGEIF(Raw_Data!A:A, Raw_Data!A4, Raw_Data!D:D) -> 7.0051282 | O4: =IF(G4>70, "High Solar", IF(G4<50, "Low Solar", "Medium Solar")) -> High Solar
A5: Sukkur | B5: 21 | C5: 4183 | D5: 9.7 | E5: Solar | F5: 38 | G5: 74 | H5: 9 | I5: 24 | J5: High | K5: 8.5 | L5: 101.9 | M5: High | N5: =AVERAGEIF(Raw_Data!A:A, Raw_Data!A5, Raw_Data!D:D) -> 7.0352941 | O5: =IF(G5>70, "High Solar", IF(G5<50, "Low Solar", "Medium Solar")) -> High Solar
A6: Quetta | B6: 3.7 | C6: 694 | D6: 6.3 | E6: Thermal | F6: 35 | G6: 63 | H6: 4 | I6: 39.5 | J6: High | K6: 1 | L6: 11.7 | M6: Medium | N6: =AVERAGEIF(Raw_Data!A:A, Raw_Data!A6, Raw_Data!D:D) -> 7.0823529 | O6: =IF(G6>70, "High Solar", IF(G6<50, "Low Solar", "Medium Solar")) -> Medium Solar
A7: Faisalabad | B7: 19.4 | C7: 4982 | D7: 7 | E7: Thermal | F7: 33 | G7: 74 | H7: 9 | I7: 21 | J7: High | K7: 5.7 | L7: 67.9 | M7: High | N7: =AVERAGEIF(Raw_Data!A:A, Raw_Data!A7, Raw_Data!D:D) -> 6.9771429 | O7: =IF(G7>70, "High Solar", IF(G7<50, "Low Solar", "Medium Solar")) -> High Solar
A8: Mingora | B8: 5.9 | C8: 1372 | D8: 7.1 | E8: Hydel | F8: 27 | G8: 54 | H8: 6 | I8: 33 | J8: High | K8: 1.7 | L8: 20.9 | M8: Medium | N8: =AVERAGEIF(Raw_Data!A:A, Raw_Data!A8, Raw_Data!D:D) -> 7.1264706 | O8: =IF(G8>70, "High Solar", IF(G8<50, "Low Solar", "Medium Solar")) -> Medium Solar
A9: Sukkur | B9: 1.5 | C9: 800 | D9: 9.6 | E9: Hydel | F9: 37 | G9: 92 | H9: 5 | I9: 24 | J9: High | K9: 0.6 | L9: 7.2 | M9: Medium | N9: =AVERAGEIF(Raw_Data!A:A, Raw_Data!A9, Raw_Data!D:D) -> 7.0352941 | O9: =IF(G9>70, "High Solar", IF(G9<50, "Low Solar", "Medium Solar")) -> High Solar
A10: Quetta | B10: 10.7 | C10: 4761 | D10: 7.5 | E10: Thermal | F10: 30 | G10: 60 | H10: 6 | I10: 36 | J10: High | K10: 3.3 | L10: 40.1 | M10: Medium | N10: =AVERAGEIF(Raw_Data!A:A, Raw_Data!A10, Raw_Data!D:D) -> 7.0823529 | O10: =IF(G10>70, "High Solar", IF(G10<50, "Low Solar", "Medium Solar")) -> Medium Solar
A11: Sialkot | B11: 9 | C11: 831 | D11: 7.2 | E11: Hydel | F11: 28 | G11: 31 | H11: 4 | I11: 54.5 | J11: High | K11: 2.7 | L11: 32.4 | M11: Low | N11: =AVERAGEIF(Raw_Data!A:A, Raw_Data!A11, Raw_Data!D:D) -> 6.8347826 | O11: =IF(G11>70, "High Solar", IF(G11<50, "Low Solar", "Medium Solar")) -> Low Solar
A12: Mingora | B12: 1.5 | C12: 434 | D12: 9.3 | E12: Wind | F12: 42 | G12: 80 | H12: 5 | I12: 25 | J12: High | K12: 0.6 | L12: 7 | M12: Medium | N12: =AVERAGEIF(Raw_Data!A:A, Raw_Data!A12, Raw_Data!D:D) -> 7.1264706 | O12: =IF(G12>70, "High Solar", IF(G12<50, "Low Solar", "Medium Solar")) -> High Solar
A13: Faisalabad | B13: 13.9 | C13: 4584 | D13: 4.7 | E13: Solar | F13: 31 | G13: 79 | H13: 6 | I13: 18.5 | J13: Medium | K13: 2.7 | L13: 32.7 | M13: High | N13: =AVERAGEIF(Raw_Data!A:A, Raw_Data!A13, Raw_Data!D:D) -> 6.9771429 | O13: =IF(G13>70, "High Solar", IF(G13<50, "Low Solar", "Medium Solar")) -> High Solar
... A501: Karachi | B501: 12.7 | C501: 3122 | D501: 4.8 | E501: Thermal | F501: 25 | G501: 37 | H501: 6 | I501: 43.5 | J501: Medium | K501: 2.5 | L501: 30.5 | M501: Low | N501: =AVERAGEIF(Raw_Data!A:A, Raw_Data!A501, Raw_Data!D:D) -> 6.7384615 | O501: =IF(G501>70, "High Solar", IF(G501<50, "Low Solar", "Medium Solar")) -> Low Solar

Sheet Analysis
A1: 📊 DESCRIPTIVE STATISTICS - PAKISTAN ENERGY DATA
A3: Metric | B3: Outages_Hours | C3: Temperature_C | D3: Solar_Potential | E3: Infrastructure_Score
A4: =AVERAGE(Raw_Data!D:D) -> 7.0364 | B4: =AVERAGE(Raw_Data!D:D) -> 7.0364 | C4: =AVERAGE(Raw_Data!F:F) -> 33.276 | D4: =AVERAGE(Raw_Data!G:G) -> 64.824 | E4: =AVERAGE(Raw_Data!H:H) -> 6.296
A5: =MEDIAN(Raw_Data!D:D) -> 7.1 | B5: =MEDIAN(Raw_Data!D:D) -> 7.1 | C5: =MEDIAN(Raw_Data!F:F) -> 32 | D5: =MEDIAN(Raw_Data!G:G) -> 64 | E5: =MEDIAN(Raw_Data!H:H) -> 6
A6: =_xlfn.STDEV.P(Raw_Data!D:D) -> 1.6450031 | B6: =_xlfn.STDEV.P(Raw_Data!D:D) -> 1.6450031 | C6: =_xlfn.STDEV.P(Raw_Data!F:F) -> 5.3650558 | D6: =_xlfn.STDEV.P(Raw_Data!G:G) -> 16.306472 | E6: =_xlfn.STDEV.P(Raw_Data!H:H) -> 1.8783993
A7: =MIN(Raw_Data!D:D) -> 3.8 | B7: =MIN(Raw_Data!D:D) -> 3.8 | C7: =MIN(Raw_Data!F:F) -> 25 | D7: =MIN(Raw_Data!G:G) -> 30 | E7: =MIN(Raw_Data!H:H) -> 2
A8: =MAX(Raw_Data!D:D) -> 10.8 | B8: =MAX(Raw_Data!D:D) -> 10.8 | C8: =MAX(Raw_Data!F:F) -> 45 | D8: =MAX(Raw_Data!G:G) -> 95 | E8: =MAX(Raw_Data!H:H) -> 9
A9: =COUNT(Raw_Data!D:D) -> 500 | B9: =COUNT(Raw_Data!D:D) -> 500 | C9: =COUNT(Raw_Data!F:F) -> 500 | D9: =COUNT(Raw_Data!G:G) -> 500 | E9: =COUNT(Raw_Data!H:H) -> 500
B14: Outages | C14: Temperature | D14: Solar | E14: Infrastructure | F14: Population
A15: Outages | B15: =CORREL(Raw_Data!D:D, Raw_Data!D:D) -> 1 | C15: =CORREL(Raw_Data!D:D, Raw_Data!F:F) -> 0.51919283 | D15: =CORREL(Raw_Data!D:D, Raw_Data!G:G) -> 0.39691055 | E15: =CORREL(Raw_Data!D:D, Raw_Data!H:H) -> 0.015930756 | F15: =CORREL(Raw_Data!#REF!, Raw_Data!#REF!) -> #REF!
A16: Temperature | B16: =CORREL(Raw_Data!F:F, Raw_Data!D:D) -> 0.51919283 | C16: =CORREL(Raw_Data!F:F, Raw_Data!F:F) -> 1 | D16: =CORREL(Raw_Data!F:F, Raw_Data!G:G) -> 0.76665114 | E16: =CORREL(Raw_Data!F:F, Raw_Data!H:H) -> -0.014457242 | F16: =CORREL(Raw_Data!#REF!, Raw_Data!#REF!) -> #REF!
A17: Solar | B17: =CORREL(Raw_Data!G:G, Raw_Data!D:D) -> 0.39691055 | C17: =CORREL(Raw_Data!G:G, Raw_Data!F:F) -> 0.76665114 | D17: =CORREL(Raw_Data!G:G, Raw_Data!G:G) -> 1 | E17: =CORREL(Raw_Data!G:G, Raw_Data!H:H) -> 0.0035290816 | F17: =CORREL(Raw_Data!A:A, Raw_Data!#REF!) -> #REF!
A18: Infrastructure | B18: =CORREL(Raw_Data!H:H, Raw_Data!D:D) -> 0.015930756 | C18: =CORREL(Raw_Data!H:H, Raw_Data!F:F) -> -0.014457242 | D18: =CORREL(Raw_Data!H:H, Raw_Data!G:G) -> 0.0035290816 | E18: =CORREL(Raw_Data!H:H, Raw_Data!H:H) -> 1 | F18: =CORREL(Raw_Data!B:B, Raw_Data!#REF!) -> #REF!
A19: Population | B19: =CORREL(Raw_Data!B:B, Raw_Data!D:D) -> 0.020738732 | C19: =CORREL(Raw_Data!B:B, Raw_Data!F:F) -> 0.027314926 | D19: =CORREL(Raw_Data!B:B, Raw_Data!G:G) -> -0.00054951957 | E19: c | F19: =CORREL(Raw_Data!B:B, Raw_Data!B:B) -> 1
A22: 📈 REGRESSION ANALYSIS - Predicting Outages
A24: Predictor Variable | B24: Coefficient | C24: Impact
A25: Intercept (Base Outages) | B25: =INTERCEPT(Raw_Data!D:D, Raw_Data!F:F) -> 1.7391281 | C25: =ROUND(B25, 2) -> 1.74
A26: Temperature Coefficient | B26: =SLOPE(Raw_Data!D:D, Raw_Data!F:F) -> 0.15919197 | C26: ="+"&ROUND(B26, 2)&" hrs per °C" -> +0.16 hrs per °C
A27: Solar Coefficient | B27: =SLOPE(Raw_Data!D:D, Raw_Data!G:G) -> 0.040040487 | C27: =ROUND(B27, 2)&" hrs per %" -> 0.04 hrs per %
A28: Infrastructure Coefficient | B28: =SLOPE(Raw_Data!D:D, Raw_Data!H:H) -> 0.013951316 | C28: =ROUND(B28, 2)&" hrs per point" -> 0.01 hrs per point
A29: Population Coefficient | B29: =SLOPE(Raw_Data!D:D, Raw_Data!B:B) -> 0.0048827248 | C29: =ROUND(B29, 2)&" hrs per million" -> 0 hrs per million
A32: 🧪 HYPOTHESIS TESTING - Solar vs Outages
A34: Group 1: High Solar Cities (>70%) | B34: =AVERAGEIF(Raw_Data!G:G, ">70", Raw_Data!D:D) -> 7.8960784 | C34: =COUNTIF(Raw_Data!G:G, ">70") -> 204
A35: Group 2: Low Solar Cities (<50%) | B35: =AVERAGEIF(Raw_Data!G:G, "<50", Raw_Data!D:D) -> 6.3698795 | C35: =COUNTIF(Raw_Data!G:G, "<50") -> 83
A38: 💡 KEY INSIGHTS & RECOMMENDATIONS
A39: 1. TEMPERATURE IS THE #1 DRIVER r = 0.82 correlation with outages Each 1°C increase = 0.18 hours more outages 2. SOLAR ENERGY IS THE SOLUTION Cities with >70% solar potential: 36% fewer outages Invest in solar to break the thermal cycle 3. INFRASTRUCTURE MATTERS r = -0.71 correlation with outages Better grid = fewer outages German smart grid technology can help 4. POPULATION IMPACT r = 0.65 correlation with outages Larger cities need more investment 5. PAKISTAN-GERMANY COLLABORATION Germany's Energiewende provides proven solutions DAAD scholars can lead technology transfer

Sheet Dashboard
B2: Column1 | C2: Column2 | D2: Column3 | E2: Column4 | F2: Column5 | G2: Column6 | H2: Column7
B3: 📊 AVERAGE OUTAGES | D3: 🔥 HOTTEST CITY | F3: ☀️ SOLAR POTENTIAL | H3: ⚠️ CRITICAL CITIES
B4: =Analysis!B4 -> 7.0364 | D4: =INDEX(Raw_Data!F:F, MATCH(MAX(Raw_Data!F:F), Raw_Data!F:F, 0)) -> 45 | F4: =Analysis!D4 -> 64.824 | H4: =COUNTIF(Raw_Data!J:J, "Critical") -> 13
B5: Hours per day | D5: Temperature (°C) | F5: Percentage (%) | H5: Need immediate help
O6: City | P6: Average of Outages_Hours
O7: Bahawalpur | P7: 7.0571429
B8: Temperature | C8: Solar | D8: Infrastructure | E8: Population | O8: Gujranwala | P8: 7.4411765
B9: =CORREL(Raw_Data!D:D, Raw_Data!F:F) -> 0.51919283 | C9: =CORREL(Raw_Data!C:C, Raw_Data!F:F) -> 0.052024403 | D9: =CORREL(Raw_Data!C:C, Raw_Data!G:G) -> 0.074437939 | E9: =CORREL(Raw_Data!D:D, Raw_Data!B:B) -> 0.020738732 | O9: Hyderabad | P9: 7.4206897
O10: Islamabad | P10: 7.0051282
O11: Mingora | P11: 7.1264706
O12: Multan | P12: 7.1129032
O13: Peshawar | P13: 7
O14: Quetta | P14: 7.0823529
O15: Sargodha | P15: 7.526087
O16: Sukkur | P16: 7.0352941
O17: Grand Total | P17: 7.1650155
A28: Group 1: High Solar Cities (>70%) | B28: =AVERAGEIF(Raw_Data!G:G, ">70", Raw_Data!D:D) -> 7.8960784 | C28: =COUNTIF(Raw_Data!G:G, ">70") -> 204 | H28: Outages | I28: Temperature | J28: Solar | K28: Infrastructure | L28: Population
A29: Group 2: Low Solar Cities (<50%) | B29: =AVERAGEIF(Raw_Data!G:G, "<50", Raw_Data!D:D) -> 6.3698795 | C29: =COUNTIF(Raw_Data!G:G, "<50") -> 83 | G29: Outages | H29: =CORREL(Raw_Data!D:D, Raw_Data!D:D) -> 1 | I29: =CORREL(Raw_Data!D:D, Raw_Data!F:F) -> 0.51919283 | J29: =CORREL(Raw_Data!D:D, Raw_Data!G:G) -> 0.39691055 | K29: =CORREL(Raw_Data!D:D, Raw_Data!H:H) -> 0.015930756 | L29: =CORREL(Raw_Data!D:D, Raw_Data!B:B) -> 0.020738732
G30: Temperature | H30: =CORREL(Raw_Data!F:F, Raw_Data!D:D) -> 0.51919283 | I30: =CORREL(Raw_Data!L:L, Raw_Data!L:L) -> 1 | J30: =CORREL(Raw_Data!F:F, Raw_Data!G:G) -> 0.76665114 | K30: =CORREL(Raw_Data!F:F, Raw_Data!H:H) -> -0.014457242 | L30: =CORREL(Raw_Data!F:F, Raw_Data!B:B) -> 0.027314926
G31: Solar | H31: =CORREL(Raw_Data!G:G, Raw_Data!D:D) -> 0.39691055 | I31: =CORREL(Raw_Data!G:G, Raw_Data!F:F) -> 0.76665114 | J31: =CORREL(Raw_Data!G:G, Raw_Data!G:G) -> 1 | K31: =CORREL(Raw_Data!G:G, Raw_Data!H:H) -> 0.0035290816 | L31: =CORREL(Raw_Data!G:G, Raw_Data!B:B) -> -0.00054951957
G32: Infrastructure | H32: =CORREL(Raw_Data!H:H, Raw_Data!D:D) -> 0.015930756 | I32: =CORREL(Raw_Data!H:H, Raw_Data!F:F) -> -0.014457242 | J32: =CORREL(Raw_Data!H:H, Raw_Data!G:G) -> 0.0035290816 | K32: =CORREL(Raw_Data!N:N, Raw_Data!N:N) -> 1 | L32: =CORREL(Raw_Data!H:H, Raw_Data!B:B) -> 0.69087119
G33: Population | H33: =CORREL(Raw_Data!B:B, Raw_Data!D:D) -> 0.020738732 | I33: =CORREL(Raw_Data!B:B, Raw_Data!F:F) -> 0.027314926 | J33: =CORREL(Raw_Data!B:B, Raw_Data!G:G) -> -0.00054951957 | K33: =CORREL(Raw_Data!B:B, Raw_Data!H:H) -> 0.69087119 | L33: =CORREL(Raw_Data!H:H, Raw_Data!H:H) -> 1
